run_id,ts,experiment,cell,label,engine,n,ef,k,concurrency,selectivity,trial,p50_ms,p95_ms,p99_ms,qps,recall_at_10,recall_at_50,recall_at_100,error_rate,n_measured,invalid,index_build_s,time_to_searchable_s,rss_mb,host_ok
mongo-100k,2026-09-12T09:43:06.055599+00:00,E4,ingest,ingest_bulk,mongo,10000,,,,,,,,,,,,,,,,12.024547499982873,11.717119999986608,1226.1,
mongo-100k,2026-09-12T09:43:21.917885+00:00,E0,e0_high_ef,e0_high_ef,mongo,10000,256.0,10.0,1.0,100,1.0,12.807650011382066,15.922310019959692,18.862591018551026,76.01701723034644,0.9996,0.20000000000000176,0.10000000000000088,0.0,500.0,False,,,1102.9,True
mongo-100k,2026-09-12T09:44:36.697301+00:00,E4,ingest,ingest_bulk,mongo,50000,,,,,,,,,,,,,,,,62.924877399986144,62.88476869999431,1766.3999999999999,
mongo-100k,2026-09-12T09:45:00.497239+00:00,E1,e1_iso_config,e1_iso_config,mongo,50000,64.0,10.0,1.0,100,1.0,13.851199983037077,17.46732499159407,19.810974998690654,70.56162808128981,0.9877999999999996,0.20000000000000176,0.10000000000000088,0.0,500.0,False,,,1761.8,True
mongo-100k,2026-09-12T09:45:17.797420+00:00,E1,e1_iso_config,e1_iso_config,mongo,50000,64.0,10.0,1.0,100,2.0,12.141949991928414,14.653715016902423,16.706642012577497,80.94598529443334,0.9869999999999997,0.20000000000000176,0.10000000000000088,0.0,500.0,False,,,1764.6,True
mongo-100k,2026-09-12T09:45:34.422538+00:00,E1,e1_iso_config,e1_iso_config,mongo,50000,64.0,10.0,1.0,100,3.0,12.784350008587353,15.09740001929458,16.63186600577319,77.14925241897897,0.9875999999999996,0.20000000000000176,0.10000000000000088,0.0,500.0,False,,,1748.3999999999999,True
mongo-100k,2026-09-12T09:47:38.041707+00:00,E4,ingest,ingest_bulk,mongo,100000,,,,,,,,,,,,,,,,110.48598929998116,110.43604200001573,2110.0,
mongo-100k,2026-09-12T09:48:02.005453+00:00,E1,e1_iso_config,e1_iso_config,mongo,100000,64.0,10.0,1.0,100,1.0,13.573449992691167,18.252955003117666,20.95885400951373,71.30370133114437,0.9958,0.20000000000000176,0.10000000000000088,0.0,500.0,False,,,2109.6000000000004,True
mongo-100k,2026-09-12T09:48:19.117542+00:00,E1,e1_iso_config,e1_iso_config,mongo,100000,64.0,10.0,1.0,100,2.0,13.284300002851523,16.545589982706584,19.3339799894602,73.66269249055121,0.9962,0.20000000000000176,0.10000000000000088,0.0,500.0,False,,,2105.7,True
mongo-100k,2026-09-12T09:48:36.948262+00:00,E1,e1_iso_config,e1_iso_config,mongo,100000,64.0,10.0,1.0,100,3.0,13.261849991977215,16.044570005033147,22.521288017742332,73.93257916586522,0.996,0.20000000000000176,0.10000000000000088,0.0,500.0,False,,,2022.3000000000002,True
mongo-100k,2026-09-12T09:48:53.921384+00:00,E1,e1_iso_recall_sweep,e1_iso_recall_sweep,mongo,100000,32.0,10.0,1.0,100,1.0,12.50104999053292,14.466125007311343,17.142233013873916,79.07288497294869,0.9885999999999998,0.20000000000000176,0.10000000000000088,0.0,500.0,False,,,2009.7,True
mongo-100k,2026-09-12T09:49:11.233126+00:00,E1,e1_iso_recall_sweep,e1_iso_recall_sweep,mongo,100000,64.0,10.0,1.0,100,1.0,12.809649997507222,18.701689987210525,24.41691200103376,74.15740062542088,0.9958,0.20000000000000176,0.10000000000000088,0.0,500.0,False,,,2003.2,True
mongo-100k,2026-09-12T09:49:28.142512+00:00,E1,e1_iso_recall_sweep,e1_iso_recall_sweep,mongo,100000,128.0,10.0,1.0,100,1.0,13.52865000080783,17.708439976559017,22.55920899595366,71.31683323294084,0.9988,0.20000000000000176,0.10000000000000088,0.0,500.0,False,,,1996.2,True
mongo-100k,2026-09-12T09:49:44.652617+00:00,E1,e1_iso_recall_sweep,e1_iso_recall_sweep,mongo,100000,256.0,10.0,1.0,100,1.0,14.530699991155416,17.970339994644743,21.154642984911323,67.48188472421432,0.9992000000000001,0.20000000000000176,0.10000000000000088,0.0,500.0,False,,,1993.1000000000001,True
mongo-100k,2026-09-12T09:50:00.989461+00:00,E2,e2_concurrency,e2_concurrency,mongo,100000,64.0,10.0,1.0,100,1.0,12.675250007305294,16.07251500972779,20.86091700213726,76.36654806726197,0.996,0.20000000000000176,0.10000000000000088,0.0,500.0,False,,,1983.8000000000002,True
mongo-100k,2026-09-12T09:50:12.809507+00:00,E2,e2_concurrency,e2_concurrency,mongo,100000,64.0,10.0,4.0,100,1.0,13.477400003466755,17.22029500233475,19.563167986343608,287.2775351518095,0.9957999999999999,0.20000000000000176,0.10000000000000088,0.0,500.0,False,,,1976.8000000000002,True
mongo-100k,2026-09-12T09:50:23.688903+00:00,E2,e2_concurrency,e2_concurrency,mongo,100000,64.0,10.0,8.0,100,1.0,15.9014500095509,27.818175015272505,123.8623629760694,410.1226135372805,0.9959999999999999,0.20000000000000176,0.10000000000000088,0.0,500.0,False,,,1994.5,True
mongo-100k,2026-09-12T09:50:39.885700+00:00,E3,e3_filter,e3_filter,mongo,100000,64.0,10.0,1.0,100,1.0,12.132049989304505,17.36635000706883,23.875639984616992,77.8738944106672,0.9952,0.20000000000000176,0.10000000000000088,0.0,500.0,False,,,2030.7,True
mongo-100k,2026-09-12T09:50:52.144151+00:00,E3,e3_filter,e3_filter,mongo,100000,64.0,10.0,4.0,100,1.0,13.848949995008297,19.183234991214704,25.970530994818542,270.45268695397965,0.9962,0.20000000000000176,0.10000000000000088,0.0,500.0,False,,,2026.4,True
mongo-100k,2026-09-12T09:51:10.280455+00:00,E3,e3_filter,e3_filter,mongo,100000,64.0,10.0,1.0,50,1.0,14.810950015089475,18.238250001741104,20.210279985622037,66.07637294850305,0.49240000000000006,0.20000000000000176,0.10000000000000088,0.0,500.0,False,,,2025.8000000000002,True
mongo-100k,2026-09-12T09:51:21.476974+00:00,E3,e3_filter,e3_filter,mongo,100000,64.0,10.0,4.0,50,1.0,15.500449982937425,20.162244999664836,28.760389010130893,249.06556825373968,0.49240000000000006,0.20000000000000176,0.10000000000000088,0.0,500.0,False,,,2031.4,True
mongo-100k,2026-09-12T09:51:40.686510+00:00,E3,e3_filter,e3_filter,mongo,100000,64.0,10.0,1.0,10,1.0,17.176750014186837,21.975650002423208,26.016011002648153,56.705088030647225,0.10380000000000043,0.10191999999999975,0.08892000000000051,0.0,500.0,False,,,2031.6000000000001,True
mongo-100k,2026-09-12T09:51:53.565961+00:00,E3,e3_filter,e3_filter,mongo,100000,64.0,10.0,4.0,10,1.0,18.718949999311008,24.474194993672427,40.49732599116389,202.4338131510389,0.10380000000000043,0.10191999999999975,0.08892000000000051,0.0,500.0,False,,,2030.9,True
mongo-100k,2026-09-12T09:52:11.196829+00:00,E3,e3_filter,e3_filter,mongo,100000,64.0,10.0,1.0,1,1.0,13.286000015796162,24.52046499965945,40.27915900049259,66.51430014219571,0.011199999999999993,0.012639999999999941,0.01229999999999992,0.0,500.0,False,,,2152.5,True
mongo-100k,2026-09-12T09:52:23.929933+00:00,E3,e3_filter,e3_filter,mongo,100000,64.0,10.0,4.0,1,1.0,14.009649996296503,17.61568001820706,34.534188980469466,261.0313274676241,0.011199999999999993,0.012639999999999941,0.01229999999999992,0.0,500.0,False,,,2040.2,True
mongo-100k,2026-09-12T09:52:31.537520+00:00,E5,e5_cold,cold_no_warmup,mongo,100000,64.0,,,,,12.591549995704554,15.810174992657265,32.10314301250031,73.79911496966025,,,,0.0,50.0,,,,,
