file,experiment,cell,label,engine,n,ef,concurrency,selectivity,trial,p50_ms,p95_ms,p99_ms,qps,recall_at_10,error_rate,n_measured,invalid,index_build_s,time_to_searchable_s,rss_mb
mongo-100k.jsonl,E4,ingest,ingest_bulk,mongo,10000,,,,,,,,,,,,,12.024547499982873,11.717119999986608,1226.1
mongo-100k.jsonl,E0,e0_high_ef,e0_high_ef,mongo,10000,256.0,1.0,100,1.0,12.807650011382066,15.922310019959692,18.862591018551026,76.01701723034644,0.9996,0.0,500.0,False,,,1102.9
mongo-100k.jsonl,E4,ingest,ingest_bulk,mongo,50000,,,,,,,,,,,,,62.924877399986144,62.88476869999431,1766.3999999999999
mongo-100k.jsonl,E1,e1_iso_config,e1_iso_config,mongo,50000,64.0,1.0,100,1.0,13.851199983037077,17.46732499159407,19.810974998690654,70.56162808128981,0.9877999999999996,0.0,500.0,False,,,1761.8
mongo-100k.jsonl,E1,e1_iso_config,e1_iso_config,mongo,50000,64.0,1.0,100,2.0,12.141949991928414,14.653715016902423,16.706642012577497,80.94598529443334,0.9869999999999997,0.0,500.0,False,,,1764.6
mongo-100k.jsonl,E1,e1_iso_config,e1_iso_config,mongo,50000,64.0,1.0,100,3.0,12.784350008587353,15.09740001929458,16.63186600577319,77.14925241897897,0.9875999999999996,0.0,500.0,False,,,1748.3999999999999
mongo-100k.jsonl,E4,ingest,ingest_bulk,mongo,100000,,,,,,,,,,,,,110.48598929998116,110.43604200001573,2110.0
mongo-100k.jsonl,E1,e1_iso_config,e1_iso_config,mongo,100000,64.0,1.0,100,1.0,13.573449992691167,18.252955003117666,20.95885400951373,71.30370133114437,0.9958,0.0,500.0,False,,,2109.6000000000004
mongo-100k.jsonl,E1,e1_iso_config,e1_iso_config,mongo,100000,64.0,1.0,100,2.0,13.284300002851523,16.545589982706584,19.3339799894602,73.66269249055121,0.9962,0.0,500.0,False,,,2105.7
mongo-100k.jsonl,E1,e1_iso_config,e1_iso_config,mongo,100000,64.0,1.0,100,3.0,13.261849991977215,16.044570005033147,22.521288017742332,73.93257916586522,0.996,0.0,500.0,False,,,2022.3000000000002
mongo-100k.jsonl,E1,e1_iso_recall_sweep,e1_iso_recall_sweep,mongo,100000,32.0,1.0,100,1.0,12.50104999053292,14.466125007311343,17.142233013873916,79.07288497294869,0.9885999999999998,0.0,500.0,False,,,2009.7
mongo-100k.jsonl,E1,e1_iso_recall_sweep,e1_iso_recall_sweep,mongo,100000,64.0,1.0,100,1.0,12.809649997507222,18.701689987210525,24.41691200103376,74.15740062542088,0.9958,0.0,500.0,False,,,2003.2
mongo-100k.jsonl,E1,e1_iso_recall_sweep,e1_iso_recall_sweep,mongo,100000,128.0,1.0,100,1.0,13.52865000080783,17.708439976559017,22.55920899595366,71.31683323294084,0.9988,0.0,500.0,False,,,1996.2
mongo-100k.jsonl,E1,e1_iso_recall_sweep,e1_iso_recall_sweep,mongo,100000,256.0,1.0,100,1.0,14.530699991155416,17.970339994644743,21.154642984911323,67.48188472421432,0.9992000000000001,0.0,500.0,False,,,1993.1000000000001
mongo-100k.jsonl,E2,e2_concurrency,e2_concurrency,mongo,100000,64.0,1.0,100,1.0,12.675250007305294,16.07251500972779,20.86091700213726,76.36654806726197,0.996,0.0,500.0,False,,,1983.8000000000002
mongo-100k.jsonl,E2,e2_concurrency,e2_concurrency,mongo,100000,64.0,4.0,100,1.0,13.477400003466755,17.22029500233475,19.563167986343608,287.2775351518095,0.9957999999999999,0.0,500.0,False,,,1976.8000000000002
mongo-100k.jsonl,E2,e2_concurrency,e2_concurrency,mongo,100000,64.0,8.0,100,1.0,15.9014500095509,27.818175015272505,123.8623629760694,410.1226135372805,0.9959999999999999,0.0,500.0,False,,,1994.5
mongo-100k.jsonl,E3,e3_filter,e3_filter,mongo,100000,64.0,1.0,100,1.0,12.132049989304505,17.36635000706883,23.875639984616992,77.8738944106672,0.9952,0.0,500.0,False,,,2030.7
mongo-100k.jsonl,E3,e3_filter,e3_filter,mongo,100000,64.0,4.0,100,1.0,13.848949995008297,19.183234991214704,25.970530994818542,270.45268695397965,0.9962,0.0,500.0,False,,,2026.4
mongo-100k.jsonl,E3,e3_filter,e3_filter,mongo,100000,64.0,1.0,50,1.0,14.810950015089475,18.238250001741104,20.210279985622037,66.07637294850305,0.49240000000000006,0.0,500.0,False,,,2025.8000000000002
mongo-100k.jsonl,E3,e3_filter,e3_filter,mongo,100000,64.0,4.0,50,1.0,15.500449982937425,20.162244999664836,28.760389010130893,249.06556825373968,0.49240000000000006,0.0,500.0,False,,,2031.4
mongo-100k.jsonl,E3,e3_filter,e3_filter,mongo,100000,64.0,1.0,10,1.0,17.176750014186837,21.975650002423208,26.016011002648153,56.705088030647225,0.10380000000000043,0.0,500.0,False,,,2031.6000000000001
mongo-100k.jsonl,E3,e3_filter,e3_filter,mongo,100000,64.0,4.0,10,1.0,18.718949999311008,24.474194993672427,40.49732599116389,202.4338131510389,0.10380000000000043,0.0,500.0,False,,,2030.9
mongo-100k.jsonl,E3,e3_filter,e3_filter,mongo,100000,64.0,1.0,1,1.0,13.286000015796162,24.52046499965945,40.27915900049259,66.51430014219571,0.011199999999999993,0.0,500.0,False,,,2152.5
mongo-100k.jsonl,E3,e3_filter,e3_filter,mongo,100000,64.0,4.0,1,1.0,14.009649996296503,17.61568001820706,34.534188980469466,261.0313274676241,0.011199999999999993,0.0,500.0,False,,,2040.2
mongo-100k.jsonl,E5,e5_cold,cold_no_warmup,mongo,100000,64.0,,,,12.591549995704554,15.810174992657265,32.10314301250031,73.79911496966025,,0.0,50.0,,,,
mongo-10k.jsonl,E4,ingest,ingest_bulk,mongo,10000,,,,,,,,,,,,,38.24764799998957,38.21103349997429,909.6
mongo-10k.jsonl,E0,e0_high_ef,e0_high_ef,mongo,10000,256.0,1.0,100,1.0,12.096950013074093,16.066545003559426,21.956240998988495,77.98789241069352,0.9997999999999999,0.0,500.0,False,,,910.2
mongo-10k.jsonl,E4,ingest,ingest_bulk,mongo,10000,,,,,,,,,,,,,33.07815159999882,33.02966070003458,1067.2
mongo-10k.jsonl,E1,e1_iso_config,e1_iso_config,mongo,10000,64.0,1.0,100,1.0,9.57709999056533,12.030844991386399,15.280252993106842,101.50659127981334,0.9955999999999999,0.0,500.0,False,,,1066.8
mongo-10k.jsonl,E1,e1_iso_config,e1_iso_config,mongo,10000,64.0,1.0,100,2.0,8.973649994004518,11.709759983932598,14.942488998640306,106.23349463492542,0.9954,0.0,500.0,False,,,1068.4
mongo-10k.jsonl,E1,e1_iso_config,e1_iso_config,mongo,10000,64.0,1.0,100,3.0,8.835000015096739,13.309665015549387,28.31086699385192,102.7846584111484,0.9959999999999999,0.0,500.0,False,,,1069.2
mongo-10k.jsonl,E4,ingest,ingest_bulk,mongo,10000,,,,,,,,,,,,,27.854511599987745,27.81065330002457,1150.2
mongo-10k.jsonl,E3,e3_filter,e3_filter,mongo,10000,64.0,1.0,100,1.0,9.81490001140628,12.461865006480366,15.695650000707245,98.81951003853992,0.9951999999999998,0.0,500.0,False,,,1149.6
mongo-10k.jsonl,E3,e3_filter,e3_filter,mongo,10000,64.0,4.0,100,1.0,11.468550001154654,17.001450002135243,24.47791400423739,325.3386987279023,0.9953999999999997,0.0,500.0,False,,,1151.1
mongo-10k.jsonl,E3,e3_filter,e3_filter,mongo,10000,64.0,1.0,50,1.0,10.788850006065331,13.60443999583367,20.810584016726345,89.8661905002981,0.5030000000000003,0.0,500.0,False,,,1171.1
mongo-10k.jsonl,E3,e3_filter,e3_filter,mongo,10000,64.0,4.0,50,1.0,11.814649988082238,16.763120000541665,22.851524016587035,320.51824466765305,0.5032000000000003,0.0,500.0,False,,,1185.8000000000002
mongo-10k.jsonl,E3,e3_filter,e3_filter,mongo,10000,64.0,1.0,10,1.0,9.069499996257946,14.550415004487144,26.352735006075818,100.3170560680888,0.10240000000000049,0.0,500.0,False,,,1340.6
mongo-10k.jsonl,E3,e3_filter,e3_filter,mongo,10000,64.0,4.0,10,1.0,10.70529998105485,16.252724995138124,20.203247019380765,331.4786879705889,0.10240000000000049,0.0,500.0,False,,,1174.3
mongo-10k.jsonl,E3,e3_filter,e3_filter,mongo,10000,64.0,1.0,1,1.0,9.159549998003058,14.699760000803497,22.24251798965268,101.88324868402931,0.010799999999999997,0.0,500.0,False,,,1159.3
mongo-10k.jsonl,E3,e3_filter,e3_filter,mongo,10000,64.0,4.0,1,1.0,9.170549979899079,17.23895000031916,25.45792501710821,387.2937292920896,0.010799999999999997,0.0,500.0,False,,,1310.1999999999998
mongo-10k.jsonl,E5,e5_cold,cold_no_warmup,mongo,10000,64.0,,,,9.880850004265085,12.428174992965069,24.416866007086313,94.02099789813414,,0.0,50.0,,,,
mongo-250k.jsonl,E4,ingest,ingest_bulk,mongo,10000,,,,,,,,,,,,,40.87186330000986,40.56211389999953,1759.1999999999998
mongo-250k.jsonl,E0,e0_high_ef,e0_high_ef,mongo,10000,256.0,1.0,100,1.0,12.435249998816289,15.666144990245808,21.7232290044194,76.92816956775772,0.9992,0.0,500.0,False,,,1782.1
mongo-250k.jsonl,E4,ingest,ingest_bulk,mongo,250000,,,,,,,,,,,,,324.4513408000057,324.3781566999969,2288.0
mongo-250k.jsonl,E1,e1_iso_config,e1_iso_config,mongo,250000,64.0,1.0,100,1.0,28.474599981564097,138.7244800047481,352.7363999743827,21.41112255660134,0.9867999999999998,0.0,500.0,False,,,2290.5
mongo-250k.jsonl,E1,e1_iso_config,e1_iso_config,mongo,250000,64.0,1.0,100,2.0,13.951749991974793,18.88161998213035,46.89145400800039,66.432619234461,0.9895999999999997,0.0,500.0,False,,,2290.4
mongo-250k.jsonl,E1,e1_iso_config,e1_iso_config,mongo,250000,64.0,1.0,100,3.0,14.821949996985495,19.3355600014911,31.11790000693872,64.02243100139472,0.9897999999999996,0.0,500.0,False,,,2291.9
mongo-250k.jsonl,E1,e1_iso_recall_sweep,e1_iso_recall_sweep,mongo,250000,32.0,1.0,100,1.0,12.894300001789816,16.422094995505173,37.8964139954769,73.23933016476256,0.9815999999999994,0.0,500.0,False,,,2293.4
mongo-250k.jsonl,E1,e1_iso_recall_sweep,e1_iso_recall_sweep,mongo,250000,64.0,1.0,100,1.0,13.754999992670491,17.985435004811734,31.604266975773474,69.02212871527276,0.9897999999999996,0.0,500.0,False,,,2294.1
mongo-250k.jsonl,E1,e1_iso_recall_sweep,e1_iso_recall_sweep,mongo,250000,128.0,1.0,100,1.0,13.901899990742095,17.5027950113872,30.74955499731004,68.99175504355098,0.9925999999999998,0.0,500.0,False,,,2295.1
mongo-250k.jsonl,E1,e1_iso_recall_sweep,e1_iso_recall_sweep,mongo,250000,256.0,1.0,100,1.0,15.594150012475438,19.614485003694423,30.757152994337943,62.20871391805749,0.9977999999999999,0.0,500.0,False,,,2295.1
mongo-250k.jsonl,E2,e2_concurrency,e2_concurrency,mongo,250000,64.0,1.0,100,1.0,12.847999998484738,16.54932001547422,22.67669499968176,73.84075152036539,0.9895999999999997,0.0,500.0,False,,,2295.8
mongo-250k.jsonl,E2,e2_concurrency,e2_concurrency,mongo,250000,64.0,4.0,100,1.0,16.651500001898967,22.519850012031384,32.21065398538483,231.21258980502492,0.9889999999999997,0.0,500.0,False,,,2299.5
mongo-250k.jsonl,E2,e2_concurrency,e2_concurrency,mongo,250000,64.0,8.0,100,1.0,23.468100000172853,35.92009998683352,193.40037700574604,285.5614206059265,0.9885999999999996,0.0,500.0,False,,,2156.0
mongo-250k.jsonl,E3,e3_filter,e3_filter,mongo,250000,64.0,1.0,100,1.0,14.42194999253843,23.38168999413027,39.93100601393961,63.68168206856829,0.9903999999999996,0.0,500.0,False,,,2176.0
mongo-250k.jsonl,E3,e3_filter,e3_filter,mongo,250000,64.0,4.0,100,1.0,15.39380001486279,19.92928499385016,26.18873500614426,250.7468494931925,0.9897999999999996,0.0,500.0,False,,,2176.7
mongo-250k.jsonl,E3,e3_filter,e3_filter,mongo,250000,64.0,1.0,50,1.0,17.76429999154061,27.513444999931377,36.2406040058704,53.218838182956155,0.49460000000000015,0.0,500.0,False,,,2196.9
mongo-250k.jsonl,E3,e3_filter,e3_filter,mongo,250000,64.0,4.0,50,1.0,25.287199998274446,38.23160501633537,51.90232797671338,148.34052493160445,0.49400000000000005,0.0,500.0,False,,,2215.3
mongo-250k.jsonl,E3,e3_filter,e3_filter,mongo,250000,64.0,1.0,10,1.0,31.378800005768426,46.06509999866827,58.09579298947937,30.729318207015865,0.10440000000000042,0.0,500.0,False,,,2197.3
mongo-250k.jsonl,E3,e3_filter,e3_filter,mongo,250000,64.0,4.0,10,1.0,32.37124999577645,43.18362000194611,50.09041800745763,119.76163506435859,0.10440000000000042,0.0,500.0,False,,,2201.1
mongo-250k.jsonl,E3,e3_filter,e3_filter,mongo,250000,64.0,1.0,1,1.0,20.463749999180436,31.30374000029405,57.51082599774235,45.07760488326167,0.012599999999999991,0.0,500.0,False,,,2202.6
mongo-250k.jsonl,E3,e3_filter,e3_filter,mongo,250000,64.0,4.0,1,1.0,22.06415000546258,36.28845498751616,48.153107987018274,161.54776718588008,0.012599999999999991,0.0,500.0,False,,,2211.6
mongo-250k.jsonl,E5,e5_cold,cold_no_warmup,mongo,250000,64.0,,,,18.322849995456636,25.938839999434997,32.29566300549776,52.31025084201344,,0.0,50.0,,,,
qdrant-100k-vol.jsonl,E4,ingest,ingest_bulk,qdrant,10000,,,,,,,,,,,,,6.644669700006489,6.644592199998442,266.9
qdrant-100k-vol.jsonl,E0,e0_high_ef,e0_high_ef,qdrant,10000,256.0,1.0,100,1.0,8.56430000567343,32.32705498085124,33.955820986011524,64.41063604590369,0.9997999999999999,0.0,500.0,False,,,87.8
qdrant-100k-vol.jsonl,E4,ingest,ingest_bulk,qdrant,50000,,,,,,,,,,,,,39.55877810000675,39.55839520000154,236.7
qdrant-100k-vol.jsonl,E1,e1_iso_config,e1_iso_config,qdrant,50000,64.0,1.0,100,1.0,21.60980000917334,32.58976499928394,34.841251980978996,52.61086355834666,0.9975999999999997,0.0,500.0,False,,,220.3
qdrant-100k-vol.jsonl,E1,e1_iso_config,e1_iso_config,qdrant,50000,64.0,1.0,100,2.0,9.01049999811221,31.884745000570547,33.78217899269657,61.48991213095152,0.9975999999999997,0.0,500.0,False,,,207.9
qdrant-100k-vol.jsonl,E1,e1_iso_config,e1_iso_config,qdrant,50000,64.0,1.0,100,3.0,9.912050009006634,32.76499001513002,50.28926100727403,57.89729261136693,0.9975999999999997,0.0,500.0,False,,,207.8
qdrant-100k-vol.jsonl,E4,ingest,ingest_bulk,qdrant,100000,,,,,,,,,,,,,79.9832202999969,79.9826267999888,389.1
qdrant-100k-vol.jsonl,E1,e1_iso_config,e1_iso_config,qdrant,100000,64.0,1.0,100,1.0,21.10464998986572,32.41788500745315,35.09775097831152,53.38004585549987,0.9987999999999999,0.0,500.0,False,,,300.5
qdrant-100k-vol.jsonl,E1,e1_iso_config,e1_iso_config,qdrant,100000,64.0,1.0,100,2.0,19.30680000805296,32.82582999963779,33.842533000570256,55.132827054380954,0.9987999999999999,0.0,500.0,False,,,294.5
qdrant-100k-vol.jsonl,E1,e1_iso_config,e1_iso_config,qdrant,100000,64.0,1.0,100,3.0,8.168350002961233,32.085044991981704,34.372964982467224,72.28534274737106,0.9987999999999999,0.0,500.0,False,,,292.5
qdrant-100k-vol.jsonl,E1,e1_iso_recall_sweep,e1_iso_recall_sweep,qdrant,100000,32.0,1.0,100,1.0,9.993699990445748,32.75554502324666,37.456827004789375,59.72930678153359,0.9919999999999998,0.0,500.0,False,,,292.7
qdrant-100k-vol.jsonl,E1,e1_iso_recall_sweep,e1_iso_recall_sweep,qdrant,100000,64.0,1.0,100,1.0,8.870550009305589,32.39851000980706,33.35140700393822,65.83857193283802,0.9987999999999999,0.0,500.0,False,,,294.4
qdrant-100k-vol.jsonl,E1,e1_iso_recall_sweep,e1_iso_recall_sweep,qdrant,100000,128.0,1.0,100,1.0,9.321400008047931,32.971495008678176,34.83782599214464,63.03267495366905,0.9994,0.0,500.0,False,,,292.8
qdrant-100k-vol.jsonl,E1,e1_iso_recall_sweep,e1_iso_recall_sweep,qdrant,100000,256.0,1.0,100,1.0,9.612199995899573,32.87286498671165,35.90458499500528,64.23168708671079,1.0,0.0,500.0,False,,,293.4
qdrant-100k-vol.jsonl,E2,e2_concurrency,e2_concurrency,qdrant,100000,64.0,1.0,100,1.0,9.637399998609908,32.567535011912696,36.33639298379414,61.10973593843473,0.9987999999999999,0.0,500.0,False,,,293.4
qdrant-100k-vol.jsonl,E2,e2_concurrency,e2_concurrency,qdrant,100000,64.0,4.0,100,1.0,18.775050004478544,29.76786002691363,42.4471360159805,200.09535744286364,0.9987999999999999,0.0,500.0,False,,,292.8
qdrant-100k-vol.jsonl,E2,e2_concurrency,e2_concurrency,qdrant,100000,64.0,8.0,100,1.0,32.404149998910725,51.19952000532066,58.10341201082338,233.89959177125468,0.9987999999999999,0.0,500.0,False,,,294.4
qdrant-100k-vol.jsonl,E3,e3_filter,e3_filter,qdrant,100000,64.0,1.0,100,1.0,11.582249993807636,33.795660003670484,36.779547979240306,66.77557406642595,0.9987999999999999,0.0,500.0,False,,,294.4
qdrant-100k-vol.jsonl,E3,e3_filter,e3_filter,qdrant,100000,64.0,4.0,100,1.0,15.67750000685919,31.299305002903555,42.95976101537235,230.46065813224007,0.9987999999999999,0.0,500.0,False,,,293.9
qdrant-100k-vol.jsonl,E3,e3_filter,e3_filter,qdrant,100000,64.0,1.0,50,1.0,10.370500007411465,32.23527500085765,34.57521900360006,64.72719732360324,0.4749999999999998,0.0,500.0,False,,,293.8
qdrant-100k-vol.jsonl,E3,e3_filter,e3_filter,qdrant,100000,64.0,4.0,50,1.0,15.329149988247082,35.0760499961325,38.682779991067946,223.54774110297856,0.4749999999999998,0.0,500.0,False,,,294.8
qdrant-100k-vol.jsonl,E3,e3_filter,e3_filter,qdrant,100000,64.0,1.0,10,1.0,10.67134999902919,32.71601500164252,35.703427002881654,65.23639608471305,0.10380000000000043,0.0,500.0,False,,,295.6
qdrant-100k-vol.jsonl,E3,e3_filter,e3_filter,qdrant,100000,64.0,4.0,10,1.0,15.634549999958836,29.707580007379864,42.45373299025231,232.6854671870761,0.10380000000000043,0.0,500.0,False,,,295.1
qdrant-100k-vol.jsonl,E3,e3_filter,e3_filter,qdrant,100000,64.0,1.0,1,1.0,9.712299986858852,31.67403997649671,34.41586399887455,72.22578415710345,0.011199999999999993,0.0,500.0,False,,,295.7
qdrant-100k-vol.jsonl,E3,e3_filter,e3_filter,qdrant,100000,64.0,4.0,1,1.0,14.80039999296423,33.76438997656805,41.45447501097806,223.4505747217204,0.011199999999999993,0.0,500.0,False,,,293.5
qdrant-100k-vol.jsonl,E5,e5_cold,cold_no_warmup,qdrant,100000,64.0,,,,8.943549997638911,31.512229995860253,32.00554399867542,77.80926459373404,,0.0,50.0,,,,
qdrant-100k.jsonl,E4,ingest,ingest_bulk,qdrant,10000,,,,,,,,,,,,,20.285218300006818,20.285129700001562,157.5
qdrant-100k.jsonl,E0,e0_high_ef,e0_high_ef,qdrant,10000,256.0,1.0,100,1.0,6.026649993145838,30.080770002678033,31.9926549991942,99.43036147083035,0.9997999999999999,0.0,500.0,False,,,102.6
qdrant-100k.jsonl,E4,ingest,ingest_bulk,qdrant,50000,,,,,,,,,,,,,1908.06921039999,1908.0688859999937,107.1
qdrant-10k.jsonl,E4,ingest,ingest_bulk,qdrant,10000,,,,,,,,,,,,,31.27325570001267,31.27316530002281,0.0
qdrant-10k.jsonl,E4,ingest,ingest_bulk,qdrant,10000,,,,,,,,,,,,,25.554878299997654,25.55475640000077,0.0
qdrant-10k.jsonl,E0,e0_high_ef,e0_high_ef,qdrant,10000,256.0,1.0,100,1.0,8.19844999932684,31.552005004778024,33.42142599693034,69.43352602258412,0.0038,0.0,500.0,False,,,0.0
qdrant-10k.jsonl,E4,ingest,ingest_bulk,qdrant,10000,,,,,,,,,,,,,20.762048499978846,20.761944300000323,0.0
qdrant-10k.jsonl,E0,e0_high_ef,e0_high_ef,qdrant,10000,256.0,1.0,100,1.0,7.691600010730326,32.327340012125205,34.25613101426279,74.35151869369055,0.9997999999999999,0.0,500.0,False,,,0.0
qdrant-10k.jsonl,E4,ingest,ingest_bulk,qdrant,10000,,,,,,,,,,,,,22.77198409999255,22.771881199994823,0.0
qdrant-10k.jsonl,E1,e1_iso_config,e1_iso_config,qdrant,10000,64.0,1.0,100,1.0,8.193550005671568,31.944724993081756,34.37664202094311,71.78810574757843,0.9997999999999999,0.0,500.0,False,,,0.0
qdrant-10k.jsonl,E1,e1_iso_config,e1_iso_config,qdrant,10000,64.0,1.0,100,2.0,8.288750002975576,31.674699994619004,33.04470599861815,70.69459189777642,0.9997999999999999,0.0,500.0,False,,,0.0
qdrant-10k.jsonl,E1,e1_iso_config,e1_iso_config,qdrant,10000,64.0,1.0,100,3.0,7.97995000903029,31.705040008819193,33.750532007252325,73.44063068218483,0.9997999999999999,0.0,500.0,False,,,0.0
qdrant-10k.jsonl,E4,ingest,ingest_bulk,qdrant,10000,,,,,,,,,,,,,19.64205930000753,19.641936199972406,0.0
qdrant-10k.jsonl,E3,e3_filter,e3_filter,qdrant,10000,64.0,1.0,100,1.0,7.940599985886365,31.6439949980122,33.595364012289785,75.48341655760362,0.9997999999999999,0.0,500.0,False,,,0.0
qdrant-10k.jsonl,E3,e3_filter,e3_filter,qdrant,10000,64.0,4.0,100,1.0,16.035100008593872,30.661160004092377,37.64073401544009,226.89981742464244,0.9997999999999999,0.0,500.0,False,,,0.0
qdrant-10k.jsonl,E3,e3_filter,e3_filter,qdrant,10000,64.0,1.0,50,1.0,8.287750009912997,32.220649976807174,34.83389499451728,64.25011366485431,0.5042000000000003,0.0,500.0,False,,,0.0
qdrant-10k.jsonl,E3,e3_filter,e3_filter,qdrant,10000,64.0,4.0,50,1.0,14.924750008503906,27.48214499733874,44.01345201709773,243.0997591967032,0.5042000000000003,0.0,500.0,False,,,0.0
qdrant-10k.jsonl,E3,e3_filter,e3_filter,qdrant,10000,64.0,1.0,10,1.0,8.3938999887323,32.28512002242496,35.219790984119754,67.17478840975598,0.10240000000000049,0.0,500.0,False,,,0.0
qdrant-10k.jsonl,E3,e3_filter,e3_filter,qdrant,10000,64.0,4.0,10,1.0,12.784199992893264,26.994679989002176,34.90615699090995,277.1849407868462,0.10240000000000049,0.0,500.0,False,,,0.0
qdrant-10k.jsonl,E3,e3_filter,e3_filter,qdrant,10000,64.0,1.0,1,1.0,7.581949990708381,32.227170006080996,35.491073013690766,71.2009186970089,0.010799999999999997,0.0,500.0,False,,,0.0
qdrant-10k.jsonl,E3,e3_filter,e3_filter,qdrant,10000,64.0,4.0,1,1.0,13.64260000991635,28.857415009406377,37.96154200215824,264.02518969336023,0.010799999999999997,0.0,500.0,False,,,0.0
qdrant-10k.jsonl,E5,e5_cold,cold_no_warmup,qdrant,10000,64.0,,,,7.996849992196076,31.89314500195905,55.204904985148374,76.77787224722854,,0.0,50.0,,,,
qdrant-250k.jsonl,E4,ingest,ingest_bulk,qdrant,10000,,,,,,,,,,,,,6.41773970000213,6.417599299980793,237.7
qdrant-250k.jsonl,E0,e0_high_ef,e0_high_ef,qdrant,10000,256.0,1.0,100,1.0,20.312500011641532,33.428690013533924,38.46806499350347,52.238394846231365,0.9997999999999999,0.0,500.0,False,,,106.1
qdrant-250k.jsonl,E4,ingest,ingest_bulk,qdrant,250000,,,,,,,,,,,,,320.2645862000063,320.26277370000025,641.3
qdrant-250k.jsonl,E1,e1_iso_config,e1_iso_config,qdrant,250000,64.0,1.0,100,1.0,9.874599985778332,33.52338498370955,38.383563999086576,61.165446416039934,0.9982,0.0,500.0,False,,,605.9
qdrant-250k.jsonl,E1,e1_iso_config,e1_iso_config,qdrant,250000,64.0,1.0,100,2.0,12.06770000862889,34.364900006039534,48.56009197508682,54.15877311564603,0.9982,0.0,500.0,False,,,605.4
qdrant-250k.jsonl,E1,e1_iso_config,e1_iso_config,qdrant,250000,64.0,1.0,100,3.0,11.079150004661642,32.48894501593895,34.92981900722951,55.24464300154825,0.9982,0.0,500.0,False,,,605.4
qdrant-250k.jsonl,E1,e1_iso_recall_sweep,e1_iso_recall_sweep,qdrant,250000,32.0,1.0,100,1.0,23.18024999112822,33.265660009055864,43.97942099807547,47.898106549539754,0.9923999999999996,0.0,500.0,False,,,604.4
qdrant-250k.jsonl,E1,e1_iso_recall_sweep,e1_iso_recall_sweep,qdrant,250000,64.0,1.0,100,1.0,10.503400000743568,32.7738550142385,35.65992199117318,56.837464573825216,0.9982,0.0,500.0,False,,,606.2
qdrant-250k.jsonl,E1,e1_iso_recall_sweep,e1_iso_recall_sweep,qdrant,250000,128.0,1.0,100,1.0,13.024999992921948,34.9790099877282,37.26340599503601,50.22783849819546,0.9997999999999999,0.0,500.0,False,,,604.8
qdrant-250k.jsonl,E1,e1_iso_recall_sweep,e1_iso_recall_sweep,qdrant,250000,256.0,1.0,100,1.0,18.946349999168888,35.93139999284176,38.82547302549938,44.65511537073135,1.0,0.0,500.0,False,,,604.8
qdrant-250k.jsonl,E2,e2_concurrency,e2_concurrency,qdrant,250000,64.0,1.0,100,1.0,10.482149999006651,33.88920500583481,36.93630701192887,57.3166352855913,0.9982,0.0,500.0,False,,,604.6
qdrant-250k.jsonl,E2,e2_concurrency,e2_concurrency,qdrant,250000,64.0,4.0,100,1.0,17.509149998659268,38.21307498583335,49.73021299956599,193.86703947096242,0.9982,0.0,500.0,False,,,605.7
qdrant-250k.jsonl,E2,e2_concurrency,e2_concurrency,qdrant,250000,64.0,8.0,100,1.0,31.273699991288595,53.81094001058953,70.61510001309205,238.4023138599205,0.9942,0.004,498.0,False,,,606.8
qdrant-250k.jsonl,E3,e3_filter,e3_filter,qdrant,250000,64.0,1.0,100,1.0,10.529099992709234,32.687634984904435,34.96664099744521,61.0213437648181,0.9982,0.0,500.0,False,,,605.7
qdrant-250k.jsonl,E3,e3_filter,e3_filter,qdrant,250000,64.0,4.0,100,1.0,16.58970001153648,33.78830002475296,43.08863799087699,212.93859174485712,0.9982,0.0,500.0,False,,,605.0
qdrant-250k.jsonl,E3,e3_filter,e3_filter,qdrant,250000,64.0,1.0,50,1.0,13.857850004569627,33.83089501730865,39.93658098013826,52.23933085849631,0.49480000000000013,0.0,500.0,False,,,607.6
qdrant-250k.jsonl,E3,e3_filter,e3_filter,qdrant,250000,64.0,4.0,50,1.0,17.178850001073442,31.170745012059335,38.90974499750881,215.23114167312488,0.49480000000000013,0.0,500.0,False,,,607.5
qdrant-250k.jsonl,E3,e3_filter,e3_filter,qdrant,250000,64.0,1.0,10,1.0,11.119799994048662,33.71723999880487,37.8736249762005,58.28619515022601,0.10440000000000042,0.0,500.0,False,,,607.4
qdrant-250k.jsonl,E3,e3_filter,e3_filter,qdrant,250000,64.0,4.0,10,1.0,18.16905000305269,37.962965000770055,44.028048992622644,195.9888452544263,0.10440000000000042,0.0,500.0,False,,,613.9
qdrant-250k.jsonl,E3,e3_filter,e3_filter,qdrant,250000,64.0,1.0,1,1.0,10.695849981857464,33.87090000032912,43.265907009481445,54.90667337017243,0.012599999999999991,0.0,500.0,False,,,614.9
qdrant-250k.jsonl,E3,e3_filter,e3_filter,qdrant,250000,64.0,4.0,1,1.0,15.255550009896979,35.19364000094355,39.499953994236414,219.22212361584792,0.012599999999999991,0.0,500.0,False,,,608.2
qdrant-250k.jsonl,E5,e5_cold,cold_no_warmup,qdrant,250000,64.0,,,,13.303999992785975,33.63067000318551,37.55332900793291,53.717723034908936,,0.0,50.0,,,,
